<?xml version="1.0" encoding="UTF-8" standalone="no"?>
<Context docBase="C:\Users\amaan\Downloads\busbooking">
  <Resources cacheMaxSize="10240">
    <PreResources base="C:/Users/amaan/Downloads/busbooking/busbooking/target/classes" className="org.apache.catalina.webresources.DirResourceSet" webAppMount="/WEB-INF/classes"/>
    <PostResources base="C:/Users/amaan/.m2/repository/org/springframework/boot/spring-boot-starter-web/2.6.3/spring-boot-starter-web-2.6.3.jar" className="org.apache.catalina.webresources.FileResourceSet" webAppMount="/WEB-INF/lib/spring-boot-starter-web-2.6.3.jar"/>
    <PostResources base="C:/Users/amaan/.m2/repository/org/springframework/boot/spring-boot-starter/2.6.3/spring-boot-starter-2.6.3.jar" className="org.apache.catalina.webresources.FileResourceSet" webAppMount="/WEB-INF/lib/spring-boot-starter-2.6.3.jar"/>
    <PostResources base="C:/Users/amaan/.m2/repository/org/springframework/boot/spring-boot/2.6.3/spring-boot-2.6.3.jar" className="org.apache.catalina.webresources.FileResourceSet" webAppMount="/WEB-INF/lib/spring-boot-2.6.3.jar"/>
    <PostResources base="C:/Users/amaan/.m2/repository/org/springframework/boot/spring-boot-autoconfigure/2.6.3/spring-boot-autoconfigure-2.6.3.jar" className="org.apache.catalina.webresources.FileResourceSet" webAppMount="/WEB-INF/lib/spring-boot-autoconfigure-2.6.3.jar"/>
    <PostResources base="C:/Users/amaan/.m2/repository/org/springframework/boot/spring-boot-starter-logging/2.6.3/spring-boot-starter-logging-2.6.3.jar" className="org.apache.catalina.webresources.FileResourceSet" webAppMount="/WEB-INF/lib/spring-boot-starter-logging-2.6.3.jar"/>
    <PostResources base="C:/Users/amaan/.m2/repository/ch/qos/logback/logback-classic/1.2.10/logback-classic-1.2.10.jar" className="org.apache.catalina.webresources.FileResourceSet" webAppMount="/WEB-INF/lib/logback-classic-1.2.10.jar"/>
    <PostResources base="C:/Users/amaan/.m2/repository/ch/qos/logback/logback-core/1.2.10/logback-core-1.2.10.jar" className="org.apache.catalina.webresources.FileResourceSet" webAppMount="/WEB-INF/lib/logback-core-1.2.10.jar"/>
    <PostResources base="C:/Users/amaan/.m2/repository/org/apache/logging/log4j/log4j-to-slf4j/2.17.1/log4j-to-slf4j-2.17.1.jar" className="org.apache.catalina.webresources.FileResourceSet" webAppMount="/WEB-INF/lib/log4j-to-slf4j-2.17.1.jar"/>
    <PostResources base="C:/Users/amaan/.m2/repository/org/apache/logging/log4j/log4j-api/2.17.1/log4j-api-2.17.1.jar" className="org.apache.catalina.webresources.FileResourceSet" webAppMount="/WEB-INF/lib/log4j-api-2.17.1.jar"/>
    <PostResources base="C:/Users/amaan/.m2/repository/org/slf4j/jul-to-slf4j/1.7.33/jul-to-slf4j-1.7.33.jar" className="org.apache.catalina.webresources.FileResourceSet" webAppMount="/WEB-INF/lib/jul-to-slf4j-1.7.33.jar"/>
    <PostResources base="C:/Users/amaan/.m2/repository/jakarta/annotation/jakarta.annotation-api/1.3.5/jakarta.annotation-api-1.3.5.jar" className="org.apache.catalina.webresources.FileResourceSet" webAppMount="/WEB-INF/lib/jakarta.annotation-api-1.3.5.jar"/>
    <PostResources base="C:/Users/amaan/.m2/repository/org/yaml/snakeyaml/1.29/snakeyaml-1.29.jar" className="org.apache.catalina.webresources.FileResourceSet" webAppMount="/WEB-INF/lib/snakeyaml-1.29.jar"/>
    <PostResources base="C:/Users/amaan/.m2/repository/org/springframework/boot/spring-boot-starter-json/2.6.3/spring-boot-starter-json-2.6.3.jar" className="org.apache.catalina.webresources.FileResourceSet" webAppMount="/WEB-INF/lib/spring-boot-starter-json-2.6.3.jar"/>
    <PostResources base="C:/Users/amaan/.m2/repository/com/fasterxml/jackson/datatype/jackson-datatype-jdk8/2.13.1/jackson-datatype-jdk8-2.13.1.jar" className="org.apache.catalina.webresources.FileResourceSet" webAppMount="/WEB-INF/lib/jackson-datatype-jdk8-2.13.1.jar"/>
    <PostResources base="C:/Users/amaan/.m2/repository/com/fasterxml/jackson/datatype/jackson-datatype-jsr310/2.13.1/jackson-datatype-jsr310-2.13.1.jar" className="org.apache.catalina.webresources.FileResourceSet" webAppMount="/WEB-INF/lib/jackson-datatype-jsr310-2.13.1.jar"/>
    <PostResources base="C:/Users/amaan/.m2/repository/com/fasterxml/jackson/module/jackson-module-parameter-names/2.13.1/jackson-module-parameter-names-2.13.1.jar" className="org.apache.catalina.webresources.FileResourceSet" webAppMount="/WEB-INF/lib/jackson-module-parameter-names-2.13.1.jar"/>
    <PostResources base="C:/Users/amaan/.m2/repository/org/springframework/boot/spring-boot-starter-tomcat/2.6.3/spring-boot-starter-tomcat-2.6.3.jar" className="org.apache.catalina.webresources.FileResourceSet" webAppMount="/WEB-INF/lib/spring-boot-starter-tomcat-2.6.3.jar"/>
    <PostResources base="C:/Users/amaan/.m2/repository/org/apache/tomcat/embed/tomcat-embed-core/9.0.56/tomcat-embed-core-9.0.56.jar" className="org.apache.catalina.webresources.FileResourceSet" webAppMount="/WEB-INF/lib/tomcat-embed-core-9.0.56.jar"/>
    <PostResources base="C:/Users/amaan/.m2/repository/org/apache/tomcat/embed/tomcat-embed-el/9.0.56/tomcat-embed-el-9.0.56.jar" className="org.apache.catalina.webresources.FileResourceSet" webAppMount="/WEB-INF/lib/tomcat-embed-el-9.0.56.jar"/>
    <PostResources base="C:/Users/amaan/.m2/repository/org/apache/tomcat/embed/tomcat-embed-websocket/9.0.56/tomcat-embed-websocket-9.0.56.jar" className="org.apache.catalina.webresources.FileResourceSet" webAppMount="/WEB-INF/lib/tomcat-embed-websocket-9.0.56.jar"/>
    <PostResources base="C:/Users/amaan/.m2/repository/org/springframework/spring-web/5.3.15/spring-web-5.3.15.jar" className="org.apache.catalina.webresources.FileResourceSet" webAppMount="/WEB-INF/lib/spring-web-5.3.15.jar"/>
    <PostResources base="C:/Users/amaan/.m2/repository/org/springframework/spring-beans/5.3.15/spring-beans-5.3.15.jar" className="org.apache.catalina.webresources.FileResourceSet" webAppMount="/WEB-INF/lib/spring-beans-5.3.15.jar"/>
    <PostResources base="C:/Users/amaan/.m2/repository/org/springframework/spring-webmvc/5.3.15/spring-webmvc-5.3.15.jar" className="org.apache.catalina.webresources.FileResourceSet" webAppMount="/WEB-INF/lib/spring-webmvc-5.3.15.jar"/>
    <PostResources base="C:/Users/amaan/.m2/repository/org/springframework/spring-context/5.3.15/spring-context-5.3.15.jar" className="org.apache.catalina.webresources.FileResourceSet" webAppMount="/WEB-INF/lib/spring-context-5.3.15.jar"/>
    <PostResources base="C:/Users/amaan/.m2/repository/org/springframework/spring-expression/5.3.15/spring-expression-5.3.15.jar" className="org.apache.catalina.webresources.FileResourceSet" webAppMount="/WEB-INF/lib/spring-expression-5.3.15.jar"/>
    <PostResources base="C:/Users/amaan/.m2/repository/org/springframework/boot/spring-boot-starter-data-jpa/2.6.3/spring-boot-starter-data-jpa-2.6.3.jar" className="org.apache.catalina.webresources.FileResourceSet" webAppMount="/WEB-INF/lib/spring-boot-starter-data-jpa-2.6.3.jar"/>
    <PostResources base="C:/Users/amaan/.m2/repository/org/springframework/boot/spring-boot-starter-aop/2.6.3/spring-boot-starter-aop-2.6.3.jar" className="org.apache.catalina.webresources.FileResourceSet" webAppMount="/WEB-INF/lib/spring-boot-starter-aop-2.6.3.jar"/>
    <PostResources base="C:/Users/amaan/.m2/repository/org/aspectj/aspectjweaver/1.9.7/aspectjweaver-1.9.7.jar" className="org.apache.catalina.webresources.FileResourceSet" webAppMount="/WEB-INF/lib/aspectjweaver-1.9.7.jar"/>
    <PostResources base="C:/Users/amaan/.m2/repository/org/springframework/boot/spring-boot-starter-jdbc/2.6.3/spring-boot-starter-jdbc-2.6.3.jar" className="org.apache.catalina.webresources.FileResourceSet" webAppMount="/WEB-INF/lib/spring-boot-starter-jdbc-2.6.3.jar"/>
    <PostResources base="C:/Users/amaan/.m2/repository/com/zaxxer/HikariCP/4.0.3/HikariCP-4.0.3.jar" className="org.apache.catalina.webresources.FileResourceSet" webAppMount="/WEB-INF/lib/HikariCP-4.0.3.jar"/>
    <PostResources base="C:/Users/amaan/.m2/repository/org/springframework/spring-jdbc/5.3.15/spring-jdbc-5.3.15.jar" className="org.apache.catalina.webresources.FileResourceSet" webAppMount="/WEB-INF/lib/spring-jdbc-5.3.15.jar"/>
    <PostResources base="C:/Users/amaan/.m2/repository/jakarta/transaction/jakarta.transaction-api/1.3.3/jakarta.transaction-api-1.3.3.jar" className="org.apache.catalina.webresources.FileResourceSet" webAppMount="/WEB-INF/lib/jakarta.transaction-api-1.3.3.jar"/>
    <PostResources base="C:/Users/amaan/.m2/repository/jakarta/persistence/jakarta.persistence-api/2.2.3/jakarta.persistence-api-2.2.3.jar" className="org.apache.catalina.webresources.FileResourceSet" webAppMount="/WEB-INF/lib/jakarta.persistence-api-2.2.3.jar"/>
    <PostResources base="C:/Users/amaan/.m2/repository/org/hibernate/hibernate-core/5.6.4.Final/hibernate-core-5.6.4.Final.jar" className="org.apache.catalina.webresources.FileResourceSet" webAppMount="/WEB-INF/lib/hibernate-core-5.6.4.Final.jar"/>
    <PostResources base="C:/Users/amaan/.m2/repository/org/jboss/logging/jboss-logging/3.4.3.Final/jboss-logging-3.4.3.Final.jar" className="org.apache.catalina.webresources.FileResourceSet" webAppMount="/WEB-INF/lib/jboss-logging-3.4.3.Final.jar"/>
    <PostResources base="C:/Users/amaan/.m2/repository/net/bytebuddy/byte-buddy/1.11.22/byte-buddy-1.11.22.jar" className="org.apache.catalina.webresources.FileResourceSet" webAppMount="/WEB-INF/lib/byte-buddy-1.11.22.jar"/>
    <PostResources base="C:/Users/amaan/.m2/repository/antlr/antlr/2.7.7/antlr-2.7.7.jar" className="org.apache.catalina.webresources.FileResourceSet" webAppMount="/WEB-INF/lib/antlr-2.7.7.jar"/>
    <PostResources base="C:/Users/amaan/.m2/repository/org/jboss/jandex/2.4.2.Final/jandex-2.4.2.Final.jar" className="org.apache.catalina.webresources.FileResourceSet" webAppMount="/WEB-INF/lib/jandex-2.4.2.Final.jar"/>
    <PostResources base="C:/Users/amaan/.m2/repository/com/fasterxml/classmate/1.5.1/classmate-1.5.1.jar" className="org.apache.catalina.webresources.FileResourceSet" webAppMount="/WEB-INF/lib/classmate-1.5.1.jar"/>
    <PostResources base="C:/Users/amaan/.m2/repository/org/hibernate/common/hibernate-commons-annotations/5.1.2.Final/hibernate-commons-annotations-5.1.2.Final.jar" className="org.apache.catalina.webresources.FileResourceSet" webAppMount="/WEB-INF/lib/hibernate-commons-annotations-5.1.2.Final.jar"/>
    <PostResources base="C:/Users/amaan/.m2/repository/org/glassfish/jaxb/jaxb-runtime/2.3.5/jaxb-runtime-2.3.5.jar" className="org.apache.catalina.webresources.FileResourceSet" webAppMount="/WEB-INF/lib/jaxb-runtime-2.3.5.jar"/>
    <PostResources base="C:/Users/amaan/.m2/repository/org/glassfish/jaxb/txw2/2.3.5/txw2-2.3.5.jar" className="org.apache.catalina.webresources.FileResourceSet" webAppMount="/WEB-INF/lib/txw2-2.3.5.jar"/>
    <PostResources base="C:/Users/amaan/.m2/repository/com/sun/istack/istack-commons-runtime/3.0.12/istack-commons-runtime-3.0.12.jar" className="org.apache.catalina.webresources.FileResourceSet" webAppMount="/WEB-INF/lib/istack-commons-runtime-3.0.12.jar"/>
    <PostResources base="C:/Users/amaan/.m2/repository/com/sun/activation/jakarta.activation/1.2.2/jakarta.activation-1.2.2.jar" className="org.apache.catalina.webresources.FileResourceSet" webAppMount="/WEB-INF/lib/jakarta.activation-1.2.2.jar"/>
    <PostResources base="C:/Users/amaan/.m2/repository/org/springframework/data/spring-data-jpa/2.6.1/spring-data-jpa-2.6.1.jar" className="org.apache.catalina.webresources.FileResourceSet" webAppMount="/WEB-INF/lib/spring-data-jpa-2.6.1.jar"/>
    <PostResources base="C:/Users/amaan/.m2/repository/org/springframework/data/spring-data-commons/2.6.1/spring-data-commons-2.6.1.jar" className="org.apache.catalina.webresources.FileResourceSet" webAppMount="/WEB-INF/lib/spring-data-commons-2.6.1.jar"/>
    <PostResources base="C:/Users/amaan/.m2/repository/org/springframework/spring-orm/5.3.15/spring-orm-5.3.15.jar" className="org.apache.catalina.webresources.FileResourceSet" webAppMount="/WEB-INF/lib/spring-orm-5.3.15.jar"/>
    <PostResources base="C:/Users/amaan/.m2/repository/org/springframework/spring-tx/5.3.15/spring-tx-5.3.15.jar" className="org.apache.catalina.webresources.FileResourceSet" webAppMount="/WEB-INF/lib/spring-tx-5.3.15.jar"/>
    <PostResources base="C:/Users/amaan/.m2/repository/org/springframework/spring-aspects/5.3.15/spring-aspects-5.3.15.jar" className="org.apache.catalina.webresources.FileResourceSet" webAppMount="/WEB-INF/lib/spring-aspects-5.3.15.jar"/>
    <PostResources base="C:/Users/amaan/.m2/repository/mysql/mysql-connector-java/8.0.28/mysql-connector-java-8.0.28.jar" className="org.apache.catalina.webresources.FileResourceSet" webAppMount="/WEB-INF/lib/mysql-connector-java-8.0.28.jar"/>
    <PostResources base="C:/Users/amaan/.m2/repository/org/springframework/boot/spring-boot-starter-security/2.6.3/spring-boot-starter-security-2.6.3.jar" className="org.apache.catalina.webresources.FileResourceSet" webAppMount="/WEB-INF/lib/spring-boot-starter-security-2.6.3.jar"/>
    <PostResources base="C:/Users/amaan/.m2/repository/org/springframework/spring-aop/5.3.15/spring-aop-5.3.15.jar" className="org.apache.catalina.webresources.FileResourceSet" webAppMount="/WEB-INF/lib/spring-aop-5.3.15.jar"/>
    <PostResources base="C:/Users/amaan/.m2/repository/org/springframework/security/spring-security-config/5.6.1/spring-security-config-5.6.1.jar" className="org.apache.catalina.webresources.FileResourceSet" webAppMount="/WEB-INF/lib/spring-security-config-5.6.1.jar"/>
    <PostResources base="C:/Users/amaan/.m2/repository/org/springframework/security/spring-security-core/5.6.1/spring-security-core-5.6.1.jar" className="org.apache.catalina.webresources.FileResourceSet" webAppMount="/WEB-INF/lib/spring-security-core-5.6.1.jar"/>
    <PostResources base="C:/Users/amaan/.m2/repository/org/springframework/security/spring-security-crypto/5.6.1/spring-security-crypto-5.6.1.jar" className="org.apache.catalina.webresources.FileResourceSet" webAppMount="/WEB-INF/lib/spring-security-crypto-5.6.1.jar"/>
    <PostResources base="C:/Users/amaan/.m2/repository/org/springframework/security/spring-security-web/5.6.1/spring-security-web-5.6.1.jar" className="org.apache.catalina.webresources.FileResourceSet" webAppMount="/WEB-INF/lib/spring-security-web-5.6.1.jar"/>
    <PostResources base="C:/Users/amaan/.m2/repository/io/jsonwebtoken/jjwt/0.9.1/jjwt-0.9.1.jar" className="org.apache.catalina.webresources.FileResourceSet" webAppMount="/WEB-INF/lib/jjwt-0.9.1.jar"/>
    <PostResources base="C:/Users/amaan/.m2/repository/com/fasterxml/jackson/core/jackson-databind/2.13.1/jackson-databind-2.13.1.jar" className="org.apache.catalina.webresources.FileResourceSet" webAppMount="/WEB-INF/lib/jackson-databind-2.13.1.jar"/>
    <PostResources base="C:/Users/amaan/.m2/repository/com/fasterxml/jackson/core/jackson-annotations/2.13.1/jackson-annotations-2.13.1.jar" className="org.apache.catalina.webresources.FileResourceSet" webAppMount="/WEB-INF/lib/jackson-annotations-2.13.1.jar"/>
    <PostResources base="C:/Users/amaan/.m2/repository/com/fasterxml/jackson/core/jackson-core/2.13.1/jackson-core-2.13.1.jar" className="org.apache.catalina.webresources.FileResourceSet" webAppMount="/WEB-INF/lib/jackson-core-2.13.1.jar"/>
    <PostResources base="C:/Users/amaan/.m2/repository/jakarta/xml/bind/jakarta.xml.bind-api/2.3.3/jakarta.xml.bind-api-2.3.3.jar" className="org.apache.catalina.webresources.FileResourceSet" webAppMount="/WEB-INF/lib/jakarta.xml.bind-api-2.3.3.jar"/>
    <PostResources base="C:/Users/amaan/.m2/repository/jakarta/activation/jakarta.activation-api/1.2.2/jakarta.activation-api-1.2.2.jar" className="org.apache.catalina.webresources.FileResourceSet" webAppMount="/WEB-INF/lib/jakarta.activation-api-1.2.2.jar"/>
    <PostResources base="C:/Users/amaan/.m2/repository/org/springframework/spring-core/5.3.15/spring-core-5.3.15.jar" className="org.apache.catalina.webresources.FileResourceSet" webAppMount="/WEB-INF/lib/spring-core-5.3.15.jar"/>
    <PostResources base="C:/Users/amaan/.m2/repository/org/springframework/spring-jcl/5.3.15/spring-jcl-5.3.15.jar" className="org.apache.catalina.webresources.FileResourceSet" webAppMount="/WEB-INF/lib/spring-jcl-5.3.15.jar"/>
    <PostResources base="C:/Users/amaan/.m2/repository/org/testng/testng/7.10.2/testng-7.10.2.jar" className="org.apache.catalina.webresources.FileResourceSet" webAppMount="/WEB-INF/lib/testng-7.10.2.jar"/>
    <PostResources base="C:/Users/amaan/.m2/repository/org/slf4j/slf4j-api/1.7.33/slf4j-api-1.7.33.jar" className="org.apache.catalina.webresources.FileResourceSet" webAppMount="/WEB-INF/lib/slf4j-api-1.7.33.jar"/>
    <PostResources base="C:/Users/amaan/.m2/repository/com/beust/jcommander/1.82/jcommander-1.82.jar" className="org.apache.catalina.webresources.FileResourceSet" webAppMount="/WEB-INF/lib/jcommander-1.82.jar"/>
    <PostResources base="C:/Users/amaan/.m2/repository/org/webjars/jquery/3.7.1/jquery-3.7.1.jar" className="org.apache.catalina.webresources.FileResourceSet" webAppMount="/WEB-INF/lib/jquery-3.7.1.jar"/>
  </Resources>
</Context>
